{
	"IFS": [ 
		{
			"rotation": 0,
			"scaling" : 1,
			"translation": [0.124108280347, 0.38196601125]
		},
		{
			"rotation": 108,
			"scaling" : 1,
			"translation": [0.649839392466, 0]
		},
		{
			"rotation": 144,
			"scaling" : 1, 
			"translation": [0.525731112119, 0.38196601125]
		}
	],
	"A": [
		[[0, 0], [0.649839392466, 0], [0.324919696233, 1]]
	],
	"theta": [1, 1, 2, 3, 1, 2, 3]	
}