{
	"IFS": [ 
		{
			"rotation": 0,
			"scaling" : 1,
			"translation": [0, 0]
		},
		{
			"rotation": -108,
			"scaling" : 1,
			"translation": [0.618033988749, 0]
		},
		{
			"rotation": -144,
			"scaling" : 1, 
			"translation": [0.587785252292, 0.190983005625]
		}
	],
	"A": [
		[[0, 0], [0.618033988749, 0], [0.3090169943749, 1]]
	],
	"theta": [1, 1, 2, 2, 1, 2, 0]	
}