{
	"IFS": [ 
		{
			"rotation": 108,
			"scaling" : 1,
			"translation": [0.649839392466, 0],
			"edge" : [0,0]
		},
		{
			"rotation": -108,
			"scaling" : 1,
			"translation": [0.5, 0.363271264003],
			"edge" : [0,1]
		},
		{
			"rotation": -108,
			"scaling" : 1,
			"translation": [0.324919696233, 1],
			"edge" : [1,1]
		},
		{
			"rotation": -144,
			"scaling" : 1,
			"translation": [0.5, 0.363271264003],
			"edge" : [1,0]
		}
	],
	"A": [
		[[0, 0], [0.649839392466, 0], [0.324919696233, 1]], 
		[[0, 0], [1, 0], [0.5, 0.363271264003]]
	],
	"theta": [0,0,0,0,0,0,0,0,0,0,0,0,0]	
}